school_id,nm_stp,cd_stp,nm_ilha,cd_ilhas,NM_Região,CD_Região,distritos,cd_distritos,nm_infra,nu_infra,nm_tipo,cd_tipo,nm_tipif,cd_tipif,NM_Duração,cd_dur,NM_Específico,cd_espec,nm_acesso,cd_aces,cdf_infra,var22,var23,school_label
1,São Tomé e Principe,1,São Tomé,1,Centro  Este,2,Água Grande,1,Jardim Alda Graça,1,Pre Escolar,1,Escola Normal,0,Normal,0,Normal (Qd n tem geral nem CSPQ),0,Público,3,11210110003,,,Jardim Alda Graça //  Água Grande
2,São Tomé e Principe,1,São Tomé,1,Centro  Este,2,Água Grande,1,Fernanda Margato,2,Pre Escolar,1,Escola Integrada (Pré/Básico),1,Normal,0,Normal (Qd n tem geral nem CSPQ),0,Público,3,11210211003,,,Fernanda Margato //  Água Grande
3,São Tomé e Principe,1,São Tomé,1,Centro  Este,2,Água Grande,1,Jardim 1º de Maio,3,Pre Escolar,1,Escola Normal,0,Normal,0,Normal (Qd n tem geral nem CSPQ),0,Público,3,11210310003,,,Jardim 1º de Maio //  Água Grande
4,São Tomé e Principe,1,São Tomé,1,Centro  Este,2,Água Grande,1,Jardim de Água Porca,4,Pre Escolar,1,Escola Normal,0,Normal,0,Normal (Qd n tem geral nem CSPQ),0,Público,3,11210410003,,,Jardim de Água Porca //  Água Grande
5,São Tomé e Principe,1,São Tomé,1,Centro  Este,2,Água Grande,1,Jardim Porcelana,5,Pre Escolar,1,Escola Normal,0,Normal,0,Normal (Qd n tem geral nem CSPQ),0,Público,3,11210510003,,,Jardim Porcelana //  Água Grande
6,São Tomé e Principe,1,São Tomé,1,Centro  Este,2,Água Grande,1,Jardim S. Marçal,6,Pre Escolar,1,Escola Normal,0,Normal,0,Normal (Qd n tem geral nem CSPQ),0,Público,3,11210610003,,,Jardim S. Marçal //  Água Grande
7,São Tomé e Principe,1,São Tomé,1,Centro  Este,2,Água Grande,1,Jardim Tartaruga,7,Pre Escolar,1,Escola Normal,0,Normal,0,Normal (Qd n tem geral nem CSPQ),0,Público,3,11210710003,,,Jardim Tartaruga //  Água Grande
8,São Tomé e Principe,1,São Tomé,1,Centro  Este,2,Água Grande,1,Jardim Mina Anzu,8,Pre Escolar,1,Escola Normal,0,Normal,0,Normal (Qd n tem geral nem CSPQ),0,Público,3,11210810003,,,Jardim Mina Anzu //  Água Grande
9,São Tomé e Principe,1,São Tomé,1,Centro  Este,2,Água Grande,1,Jardim Vigoço,9,Pre Escolar,1,Escola Normal,0,Normal,0,Normal (Qd n tem geral nem CSPQ),0,Público,3,11210910003,,,Jardim Vigoço //  Água Grande
10,São Tomé e Principe,1,São Tomé,1,Centro  Este,2,Água Grande,1,Jardim Madres Canossianas,10,Pre Escolar,1,Escola Normal,0,Normal,0,Normal (Qd n tem geral nem CSPQ),0,Misto,2,11211010002,,,Jardim Madres Canossianas //  Água Grande
11,São Tomé e Principe,1,São Tomé,1,Centro  Este,2,Água Grande,1,Jardim Páscoa Carvalho,11,Pre Escolar,1,Escola Normal,0,Normal,0,Normal (Qd n tem geral nem CSPQ),0,Público,3,11211110003,,,Jardim Páscoa Carvalho //  Água Grande
12,São Tomé e Principe,1,São Tomé,1,Centro  Este,2,Água Grande,1,Jardim S. António,12,Pre Escolar,1,Escola Normal,0,Normal,0,Normal (Qd n tem geral nem CSPQ),0,Público,3,11211210003,,,Jardim S. António //  Água Grande
13,São Tomé e Principe,1,São Tomé,1,Centro  Este,2,Água Grande,1,Jardim Santarém,13,Pre Escolar,1,Escola Normal,0,Normal,0,Normal (Qd n tem geral nem CSPQ),0,Público,3,11211310003,,,Jardim Santarém  //  Água Grande
14,São Tomé e Principe,1,São Tomé,1,Centro  Este,2,Água Grande,1,BERÇÁRIO AMOR MATERNAL,14,Pre Escolar,1,Escola Normal,0,Normal,0,Normal (Qd n tem geral nem CSPQ),0,Privado,1,11211410001,,,BERÇÁRIO AMOR MATERNAL //  Água Grande
15,São Tomé e Principe,1,São Tomé,1,Centro  Este,2,Água Grande,1,JARDIM ONG. AMIGOS DA SARA,15,Pre Escolar,1,Escola Normal,0,Normal,0,Normal (Qd n tem geral nem CSPQ),0,Privado,1,11211510001,,,JARDIM ONG. AMIGOS DA SARA //  Água Grande
16,São Tomé e Principe,1,São Tomé,1,Centro  Este,2,Água Grande,1,JARDIM ARCO-IRIS,16,Pre Escolar,1,Escola Normal,0,Normal,0,Normal (Qd n tem geral nem CSPQ),0,Privado,1,11211610001,,,JARDIM ARCO-IRIS //  Água Grande
17,São Tomé e Principe,1,São Tomé,1,Centro  Este,2,Água Grande,1,JARDIM TIA LUISA,17,Pre Escolar,1,Escola Normal,0,Normal,0,Normal (Qd n tem geral nem CSPQ),0,Privado,1,11211710001,,,JARDIM TIA LUISA //  Água Grande
18,São Tomé e Principe,1,São Tomé,1,Centro  Este,2,Água Grande,1,BERÇARIO TIA BELA,18,Pre Escolar,1,Escola Normal,0,Normal,0,Normal (Qd n tem geral nem CSPQ),0,Privado,1,11211810001,,,BERÇARIO TIA BELA //  Água Grande
19,São Tomé e Principe,1,São Tomé,1,Centro  Este,2,Água Grande,1,AISEC,19,Pre Escolar,1,Escola Normal,0,Normal,0,Normal (Qd n tem geral nem CSPQ),0,Privado,1,11211910001,,,AISEC //  Água Grande
20,São Tomé e Principe,1,São Tomé,1,Centro  Este,2,Água Grande,1,BERÇARIO TIA ELSA,20,Pre Escolar,1,Escola Normal,0,Normal,0,Normal (Qd n tem geral nem CSPQ),0,Privado,1,11212010001,,,BERÇARIO TIA ELSA //  Água Grande
21,São Tomé e Principe,1,São Tomé,1,Centro  Este,2,Água Grande,1,EXTERNATO PRINCEZINHA,21,Pre Escolar,1,Escola Normal,0,Normal,0,Normal (Qd n tem geral nem CSPQ),0,Privado,1,11212110001,,,EXTERNATO PRINCEZINHA //  Água Grande
22,São Tomé e Principe,1,São Tomé,1,Centro  Este,2,Água Grande,1,OFICINA DE SONHO,22,Pre Escolar,1,Escola Normal,0,Normal,0,Normal (Qd n tem geral nem CSPQ),0,Privado,1,11212210001,,,OFICINA DE SONHO //  Água Grande
23,São Tomé e Principe,1,São Tomé,1,Centro  Este,2,Água Grande,1,Instituto S- E-de Mulundo-ARCAR,23,Pre Escolar,1,Escola Normal,0,Normal,0,Normal (Qd n tem geral nem CSPQ),0,Privado,1,11212310001,,,Instituto S- E-de Mulundo-ARCAR //  Água Grande
24,São Tomé e Principe,1,São Tomé,1,Centro  Este,2,Água Grande,1,CRECHE CASA DAS ABELINHAS,24,Pre Escolar,1,Escola Normal,0,Normal,0,Normal (Qd n tem geral nem CSPQ),0,Privado,1,11212410001,,,CRECHE CASA DAS ABELINHAS //  Água Grande
25,São Tomé e Principe,1,São Tomé,1,Centro  Este,2,Água Grande,1,Anzú Mama,25,Pre Escolar,1,Escola Normal,0,Normal,0,Normal (Qd n tem geral nem CSPQ),0,Privado,1,11212510001,,,Anzú Mama //  Água Grande
26,São Tomé e Principe,1,São Tomé,1,Centro  Este,2,Água Grande,1,Colégio Sto António,26,Pre Escolar,1,Escola Normal,0,Normal,0,Normal (Qd n tem geral nem CSPQ),0,Privado,1,11212610001,,,Colégio Sto António //  Água Grande
27,São Tomé e Principe,1,São Tomé,1,Centro  Este,2,Água Grande,1,Nascente dos pequeninos,27,Pre Escolar,1,Escola Normal,0,Normal,0,Normal (Qd n tem geral nem CSPQ),0,Privado,1,11212710001,,,Nascente dos pequeninos //  Água Grande
28,São Tomé e Principe,1,São Tomé,1,Centro  Este,2,Água Grande,1,Saidos da Casca,28,Pre Escolar,1,Escola Normal,0,Normal,0,Normal (Qd n tem geral nem CSPQ),0,Privado,1,11212810001,,,Saidos da Casca //  Água Grande
29,São Tomé e Principe,1,São Tomé,1,Centro  Este,2,Água Grande,1,Casa dos Tometinhos,29,Pre Escolar,1,Escola Normal,0,Normal,0,Normal (Qd n tem geral nem CSPQ),0,Privado,1,11212910001,,,Casa dos Tometinhos //  Água Grande
30,São Tomé e Principe,1,São Tomé,1,Centro  Este,2,Água Grande,1,Os Miminhos,30,Pre Escolar,1,Escola Normal,0,Normal,0,Normal (Qd n tem geral nem CSPQ),0,Privado,1,11213010001,,,Os Miminhos //  Água Grande
31,São Tomé e Principe,1,São Tomé,1,Centro  Este,2,Água Grande,1,Elsa Morera e Eugénio Frota Moreira,31,Pre Escolar,1,Escola Normal,0,Normal,0,Normal (Qd n tem geral nem CSPQ),0,Privado,1,11213110001,,,Elsa Morera e Eugénio Frota Moreira //  Água Grande
32,São Tomé e Principe,1,São Tomé,1,Centro  Este,2,Água Grande,1,Escritório dos pequeninos,32,Pre Escolar,1,Escola Normal,0,Normal,0,Normal (Qd n tem geral nem CSPQ),0,Privado,1,11213210001,,,Escritório dos pequeninos //  Água Grande
33,São Tomé e Principe,1,São Tomé,1,Centro  Este,2,Água Grande,1,Jardim de Infância da Madalena,33,Pre Escolar,1,Escola Normal,0,Normal,0,Normal (Qd n tem geral nem CSPQ),0,Privado,1,11213310001,,,Jardim de Infância da Madalena //  Água Grande
34,São Tomé e Principe,1,São Tomé,1,Centro  Este,2,Água Grande,1,Drealândia,34,Pre Escolar,1,Escola Normal,0,Normal,0,Normal (Qd n tem geral nem CSPQ),0,Privado,1,11213410001,,,Drealândia //  Água Grande
35,São Tomé e Principe,1,São Tomé,1,Centro  Este,2,Água Grande,1,Mimos e Alegria,35,Pre Escolar,1,Escola Normal,0,Normal,0,Normal (Qd n tem geral nem CSPQ),0,Privado,1,11213510001,,,Mimos e Alegria //  Água Grande
36,São Tomé e Principe,1,São Tomé,1,Centro  Este,2,Água Grande,1,Nurseny/Primary Father's CourtInt Scool,36,Pre Escolar,1,Escola Normal,0,Normal,0,Normal (Qd n tem geral nem CSPQ),0,Privado,1,11213610001,,,Nurseny/Primary Father's CourtInt Scool //  Água Grande
37,São Tomé e Principe,1,São Tomé,1,Centro  Este,2,Água Grande,1,Limoeiros,37,Pre Escolar,1,Escola Normal,0,Normal,0,Normal (Qd n tem geral nem CSPQ),0,Privado,1,11213710001,,,Limoeiros //  Água Grande
38,São Tomé e Principe,1,São Tomé,1,Centro  Este,2,Água Grande,1,Núcleo do Sistémico - Neis-Medicina,38,Pre Escolar,1,Escola Normal,0,Normal,0,Normal (Qd n tem geral nem CSPQ),0,Privado,1,11213810001,,,Núcleo do Sistémico Neis-Medicina //  Água Grande
39,São Tomé e Principe,1,São Tomé,1,Centro  Este,2,Água Grande,1,Jardim dos Sonhos,39,Pre Escolar,1,Escola Normal,0,Normal,0,Normal (Qd n tem geral nem CSPQ),0,Privado,1,11213910001,,,Jardim dos Sonhos //  Água Grande
40,São Tomé e Principe,1,São Tomé,1,Centro  Este,2,Água Grande,1,Programa educativo pré-Escolar (PEPE),41,Pre Escolar,1,Escola Normal,0,Normal,0,Normal (Qd n tem geral nem CSPQ),0,Privado,1,11214110001,,,Programa educativo pré-Escolar (PEPE) //  Água Grande
41,São Tomé e Principe,1,São Tomé,1,Centro  Este,2,Água Grande,1,Externato Makucu,42,Pre Escolar,1,Escola Normal,0,Normal,0,Normal (Qd n tem geral nem CSPQ),0,Privado,1,11214210001,,,Externato Makucu //  Água Grande
42,São Tomé e Principe,1,São Tomé,1,Centro  Este,2,Água Grande,1,BAMBINO,43,Pre Escolar,1,Escola Integrada (Pré/Básico),1,Normal,0,Normal (Qd n tem geral nem CSPQ),0,Privado,1,11214311001,,,BAMBINO //  Água Grande
43,São Tomé e Principe,1,São Tomé,1,Centro  Este,2,Água Grande,1,BERÇÁRIO OS ANJINHOS,44,Pre Escolar,1,Escola Normal,0,Normal,0,Normal (Qd n tem geral nem CSPQ),0,Privado,1,11214410001,,,BERÇÁRIO OS ANJINHOS //  Água Grande
44,São Tomé e Principe,1,São Tomé,1,Centro  Este,2,Água Grande,1,COLÉGIO ADVENTISTA-Cosme da Mota,45,Pre Escolar,1,Escola Integrada (Pré/Basico e Sec),3,Normal,0,Normal (Qd n tem geral nem CSPQ),0,Privado,1,11214513001,,,COLÉGIO ADVENTISTA-Cosme da Mota //  Água Grande
45,São Tomé e Principe,1,São Tomé,1,Centro  Este,2,Água Grande,1,Pepe (Deçu Sá Buá),46,Pre Escolar,1,Escola Integrada (Pré/Basico e Sec),0,Normal,0,Normal (Qd n tem geral nem CSPQ),0,Privado,1,11214610001,,,Pepe (Deçu Sá Buá) //  Água Grande
46,São Tomé e Principe,1,São Tomé,1,Centro  Este,2,Mé-Zóchi,2,Jardim  Baú dos Sonhos,1,Pre Escolar,1,Escola Normal,0,Normal,0,Normal (Qd n tem geral nem CSPQ),0,Público,3,11220110003,,,Jardim  Baú dos Sonhos //  Mé-Zóchi
47,São Tomé e Principe,1,São Tomé,1,Centro  Este,2,Mé-Zóchi,2,CR Monte Macaco,2,Pre Escolar,1,Escola Normal,0,Normal,0,Normal (Qd n tem geral nem CSPQ),0,Público,3,11220210003,,,CR Monte Macaco //  Mé-Zóchi
48,São Tomé e Principe,1,São Tomé,1,Centro  Este,2,Mé-Zóchi,2,CR Vista Alegre,3,Pre Escolar,1,Escola Normal,0,Normal,0,Normal (Qd n tem geral nem CSPQ),0,Público,3,11220310003,,,CR Vista Alegre //  Mé-Zóchi
49,São Tomé e Principe,1,São Tomé,1,Centro  Este,2,Mé-Zóchi,2,Jardim Lar de Luz,4,Pre Escolar,1,Escola Normal,0,Normal,0,Normal (Qd n tem geral nem CSPQ),0,Público,3,11220410003,,,Jardim Lar de Luz //  Mé-Zóchi
50,São Tomé e Principe,1,São Tomé,1,Centro  Este,2,Mé-Zóchi,2,CR Sta Margarida,5,Pre Escolar,1,Escola Normal,0,Normal,0,Normal (Qd n tem geral nem CSPQ),0,Público,3,11220510003,,,CR Sta Margarida //  Mé-Zóchi
51,São Tomé e Principe,1,São Tomé,1,Centro  Este,2,Mé-Zóchi,2,Jardim Java,6,Pre Escolar,1,Escola Normal,0,Normal,0,Normal (Qd n tem geral nem CSPQ),0,Público,3,11220610003,,,Jardim Java //  Mé-Zóchi
52,São Tomé e Principe,1,São Tomé,1,Centro  Este,2,Mé-Zóchi,2,Jardim Bombom,7,Pre Escolar,1,Escola Normal,0,Normal,0,Normal (Qd n tem geral nem CSPQ),0,Público,3,11220710003,,,Jardim Bombom //  Mé-Zóchi
53,São Tomé e Principe,1,São Tomé,1,Centro  Este,2,Mé-Zóchi,2,Jardim Margão,8,Pre Escolar,1,Escola Normal,0,Normal,0,Normal (Qd n tem geral nem CSPQ),0,Público,3,11220810003,,,Jardim Margão //  Mé-Zóchi
54,São Tomé e Principe,1,São Tomé,1,Centro  Este,2,Mé-Zóchi,2,Jardim Milagrosa,9,Pre Escolar,1,Escola Normal,0,Normal,0,Normal (Qd n tem geral nem CSPQ),0,Público,3,11220910003,,,Jardim Milagrosa //  Mé-Zóchi
55,São Tomé e Principe,1,São Tomé,1,Centro  Este,2,Mé-Zóchi,2,Jardim Monte Café,10,Pre Escolar,1,Escola Normal,0,Normal,0,Normal (Qd n tem geral nem CSPQ),0,Público,3,11221010003,,,Jardim Monte Café //  Mé-Zóchi
56,São Tomé e Principe,1,São Tomé,1,Centro  Este,2,Mé-Zóchi,2,CR Novo Destino,11,Pre Escolar,1,Escola Normal,0,Normal,0,Normal (Qd n tem geral nem CSPQ),0,Público,3,11221110003,,,CR Novo Destino //  Mé-Zóchi
57,São Tomé e Principe,1,São Tomé,1,Centro  Este,2,Mé-Zóchi,2,Jardim Olof-Palme,12,Pre Escolar,1,Escola Normal,0,Normal,0,Normal (Qd n tem geral nem CSPQ),0,Público,3,11221210003,,,Jardim Olof-Palme //  Mé-Zóchi
58,São Tomé e Principe,1,São Tomé,1,Centro  Este,2,Mé-Zóchi,2,CR S.José,13,Pre Escolar,1,Escola Normal,0,Normal,0,Normal (Qd n tem geral nem CSPQ),0,Público,3,11221310003,,,CR S.José //  Mé-Zóchi
59,São Tomé e Principe,1,São Tomé,1,Centro  Este,2,Mé-Zóchi,2,CR S.Nicolau,14,Pre Escolar,1,Escola Normal,0,Normal,0,Normal (Qd n tem geral nem CSPQ),0,Público,3,11221410003,,,CR S.Nicolau //  Mé-Zóchi
60,São Tomé e Principe,1,São Tomé,1,Centro  Este,2,Mé-Zóchi,2,CR Saudade,15,Pre Escolar,1,Escola Normal,0,Normal,0,Normal (Qd n tem geral nem CSPQ),0,Público,3,11221510003,,,CR Saudade //  Mé-Zóchi
61,São Tomé e Principe,1,São Tomé,1,Centro  Este,2,Mé-Zóchi,2,CR Bem Posta,16,Pre Escolar,1,Escola Normal,0,Normal,0,Normal (Qd n tem geral nem CSPQ),0,Público,3,11221610003,,,CR Bem Posta //  Mé-Zóchi
62,São Tomé e Principe,1,São Tomé,1,Centro  Este,2,Mé-Zóchi,2,Jardim CATAP,17,Pre Escolar,1,Escola Normal,0,Normal,0,Normal (Qd n tem geral nem CSPQ),0,Público,3,11221710003,,,Jardim CATAP //  Mé-Zóchi
63,São Tomé e Principe,1,São Tomé,1,Centro  Este,2,Mé-Zóchi,2,Jardim Quinta das Palmeiras,18,Pre Escolar,1,Escola Normal,0,Normal,0,Normal (Qd n tem geral nem CSPQ),0,Público,3,11221810003,,,Jardim Quinta das Palmeiras //  Mé-Zóchi
64,São Tomé e Principe,1,São Tomé,1,Centro  Este,2,Mé-Zóchi,2,Jardim Ester Will,19,Pre Escolar,1,Escola Normal,0,Normal,0,Normal (Qd n tem geral nem CSPQ),0,Público,3,11221910003,,,Jardim Ester Will //  Mé-Zóchi
65,São Tomé e Principe,1,São Tomé,1,Centro  Este,2,Mé-Zóchi,2,Centro Infantil Bombom,20,Pre Escolar,1,Escola Normal,0,Normal,0,Normal (Qd n tem geral nem CSPQ),0,Privado,1,11222010001,,,Centro Infantil Bombom //  Mé-Zóchi
66,São Tomé e Principe,1,São Tomé,1,Centro  Este,2,Mé-Zóchi,2,Criança é Vida /JOCUM,21,Pre Escolar,1,Escola Normal,0,Normal,0,Normal (Qd n tem geral nem CSPQ),0,Privado,1,11222110001,,,Criança é Vida /JOCUM //  Mé-Zóchi
67,São Tomé e Principe,1,São Tomé,1,Centro  Este,2,Mé-Zóchi,2,Jardim Pêpê (Boa Semente),22,Pre Escolar,1,Escola Normal,0,Normal,0,Normal (Qd n tem geral nem CSPQ),0,Privado,1,11222210001,,,Jardim Pêpê (Boa Semente) //  Mé-Zóchi
68,São Tomé e Principe,1,São Tomé,1,Centro  Este,2,Mé-Zóchi,2,Jardim Princesa Maribel,23,Pre Escolar,1,Escola Normal,0,Normal,0,Normal (Qd n tem geral nem CSPQ),0,Privado,1,11222310001,,,Jardim Princesa Maribel //  Mé-Zóchi
69,São Tomé e Principe,1,São Tomé,1,Norte Oeste,1,Lembá,2,CR Ponta Figo,1,Pre Escolar,1,Escola Normal,0,Normal,0,Normal (Qd n tem geral nem CSPQ),0,Público,3,11120110003,,,CR Ponta Figo //  Lembá
70,São Tomé e Principe,1,São Tomé,1,Norte Oeste,1,Lembá,2,CR Diogo Vaz,2,Pre Escolar,1,Escola Normal,0,Normal,0,Normal (Qd n tem geral nem CSPQ),0,Público,3,11120210003,,,CR Diogo Vaz //  Lembá
71,São Tomé e Principe,1,São Tomé,1,Norte Oeste,1,Lembá,2,CR Esprainha,3,Pre Escolar,1,Escola Normal,0,Normal,0,Normal (Qd n tem geral nem CSPQ),0,Público,3,11120310003,,,CR Esprainha //  Lembá
72,São Tomé e Principe,1,São Tomé,1,Norte Oeste,1,Lembá,2,CR Generosa,4,Pre Escolar,1,Escola Normal,0,Normal,0,Normal (Qd n tem geral nem CSPQ),0,Público,3,11120410003,,,CR Generosa //  Lembá
73,São Tomé e Principe,1,São Tomé,1,Norte Oeste,1,Lembá,2,Jardim Lembá,5,Pre Escolar,1,Escola Normal,0,Normal,0,Normal (Qd n tem geral nem CSPQ),0,Público,3,11120510003,,,Jardim Lembá //  Lembá
74,São Tomé e Principe,1,São Tomé,1,Norte Oeste,1,Lembá,2,CR Monte Forte,6,Pre Escolar,1,Escola Normal,0,Normal,0,Normal (Qd n tem geral nem CSPQ),0,Público,3,11120610003,,,CR Monte Forte //  Lembá
75,São Tomé e Principe,1,São Tomé,1,Norte Oeste,1,Lembá,2,CR Mulundo,7,Pre Escolar,1,Escola Normal,0,Normal,0,Normal (Qd n tem geral nem CSPQ),0,Público,3,11120710003,,,CR Mulundo //  Lembá
76,São Tomé e Principe,1,São Tomé,1,Norte Oeste,1,Lembá,2,CR S.José,8,Pre Escolar,1,Escola Normal,0,Normal,0,Normal (Qd n tem geral nem CSPQ),0,Público,3,11120810003,,,CR S.José //  Lembá
77,São Tomé e Principe,1,São Tomé,1,Norte Oeste,1,Lembá,2,CR Santa Clotilde,9,Pre Escolar,1,Escola Normal,0,Normal,0,Normal (Qd n tem geral nem CSPQ),0,Público,3,11120910003,,,CR Santa Clotilde //  Lembá
78,São Tomé e Principe,1,São Tomé,1,Norte Oeste,1,Lembá,2,Jardim Pôr do Sol,10,Pre Escolar,1,Escola Normal,0,Normal,0,Normal (Qd n tem geral nem CSPQ),0,Público,3,11121010003,,,Jardim Pôr do Sol //  Lembá
79,São Tomé e Principe,1,São Tomé,1,Norte Oeste,1,Lembá,2,Jardim Nova Esperança,11,Pre Escolar,1,Escola Normal,0,Normal,0,Normal (Qd n tem geral nem CSPQ),0,Público,3,11121110003,,,Jardim Nova Esperança //  Lembá
80,São Tomé e Principe,1,São Tomé,1,Norte Oeste,1,Lembá,2,Jardim Pimpolho,12,Pre Escolar,1,Escola Normal,0,Normal,0,Normal (Qd n tem geral nem CSPQ),0,Misto,2,11121210002,,,Jardim Pimpolho //  Lembá
81,São Tomé e Principe,1,São Tomé,1,Norte Oeste,1,Lembá,2,CR Obô Rosema,13,Pre Escolar,1,Escola Normal,0,Normal,0,Normal (Qd n tem geral nem CSPQ),0,Público,3,11121310003,,,CR Obô Rosema //  Lembá
82,São Tomé e Principe,1,São Tomé,1,Norte Oeste,1,Lembá,2,CR Arribana,14,Pre Escolar,1,Escola Normal,0,Normal,0,Normal (Qd n tem geral nem CSPQ),0,Público,3,11121410003,,,CR Arribana //  Lembá
83,São Tomé e Principe,1,São Tomé,1,Norte Oeste,1,Lembá,2,Jardim Arca de Noé,15,Pre Escolar,1,Escola Normal,0,Normal,0,Normal (Qd n tem geral nem CSPQ),0,Misto,2,11121510002,,,Jardim Arca de Noé //  Lembá
84,São Tomé e Principe,1,São Tomé,1,Norte Oeste,1,Lobata,1,CR Agostinho Neto,1,Pre Escolar,1,Escola Normal,0,Normal,0,Normal (Qd n tem geral nem CSPQ),0,Público,3,11110110003,,,CR Agostinho Neto //  Lobata
85,São Tomé e Principe,1,São Tomé,1,Norte Oeste,1,Lobata,1,CR Água Casada,2,Pre Escolar,1,Escola Normal,0,Normal,0,Normal (Qd n tem geral nem CSPQ),0,Público,3,11110210003,,,CR Água Casada  //  Lobata
86,São Tomé e Principe,1,São Tomé,1,Norte Oeste,1,Lobata,1,CR Bela Vista,3,Pre Escolar,1,Escola Normal,0,Normal,0,Normal (Qd n tem geral nem CSPQ),0,Público,3,11110310003,,,CR Bela Vista  //  Lobata
87,São Tomé e Principe,1,São Tomé,1,Norte Oeste,1,Lobata,1,CR Boa Entrada,4,Pre Escolar,1,Escola Normal,0,Normal,0,Normal (Qd n tem geral nem CSPQ),0,Público,3,11110410003,,,CR Boa Entrada  //  Lobata
88,São Tomé e Principe,1,São Tomé,1,Norte Oeste,1,Lobata,1,CR Caldeiras,5,Pre Escolar,1,Escola Normal,0,Normal,0,Normal (Qd n tem geral nem CSPQ),0,Público,3,11110510003,,,CR Caldeiras //  Lobata
89,São Tomé e Principe,1,São Tomé,1,Norte Oeste,1,Lobata,1,Jardim Fernão Dias,6,Pre Escolar,1,Escola Normal,0,Normal,0,Normal (Qd n tem geral nem CSPQ),0,Público,3,11110610003,,,Jardim Fernão Dias //  Lobata
90,São Tomé e Principe,1,São Tomé,1,Norte Oeste,1,Lobata,1,CR Ferreira Governo,7,Pre Escolar,1,Escola Normal,0,Normal,0,Normal (Qd n tem geral nem CSPQ),0,Público,3,11110710003,,,CR Ferreira Governo //  Lobata
91,São Tomé e Principe,1,São Tomé,1,Norte Oeste,1,Lobata,1,CR Laranjeira,8,Pre Escolar,1,Escola Normal,0,Normal,0,Normal (Qd n tem geral nem CSPQ),0,Público,3,11110810003,,,CR Laranjeira //  Lobata
92,São Tomé e Principe,1,São Tomé,1,Norte Oeste,1,Lobata,1,CR Maianço,9,Pre Escolar,1,Escola Normal,0,Normal,0,Normal (Qd n tem geral nem CSPQ),0,Público,3,11110910003,,,CR Maianço //  Lobata
93,São Tomé e Principe,1,São Tomé,1,Norte Oeste,1,Lobata,1,Jardim Morro Peixe,10,Pre Escolar,1,Escola Normal,0,Normal,0,Normal (Qd n tem geral nem CSPQ),0,Público,3,11111010003,,,Jardim Morro Peixe //  Lobata
94,São Tomé e Principe,1,São Tomé,1,Norte Oeste,1,Lobata,1,CR Plancas I,11,Pre Escolar,1,Escola Normal,0,Normal,0,Normal (Qd n tem geral nem CSPQ),0,Público,3,11111110003,,,CR Plancas I //  Lobata
95,São Tomé e Principe,1,São Tomé,1,Norte Oeste,1,Lobata,1,Jardim Sam Quilembê,12,Pre Escolar,1,Escola Normal,0,Normal,0,Normal (Qd n tem geral nem CSPQ),0,Público,3,11111210003,,,Jardim Sam Quilembê //  Lobata
96,São Tomé e Principe,1,São Tomé,1,Norte Oeste,1,Lobata,1,CR Santa Luzia,13,Pre Escolar,1,Escola Normal,0,Normal,0,Normal (Qd n tem geral nem CSPQ),0,Público,3,11111310003,,,CR Santa Luzia //  Lobata
97,São Tomé e Principe,1,São Tomé,1,Norte Oeste,1,Lobata,1,Jardim Micoló,14,Pre Escolar,1,Escola Normal,0,Normal,0,Normal (Qd n tem geral nem CSPQ),0,Público,3,11111410003,,,Jardim Micoló //  Lobata
98,São Tomé e Principe,1,São Tomé,1,Norte Oeste,1,Lobata,1,Praia das Conchas Roça,15,Pre Escolar,1,Escola Normal,0,Normal,0,Normal (Qd n tem geral nem CSPQ),0,Privado,1,11111510001,,,Praia das Conchas Roça //  Lobata
99,São Tomé e Principe,1,São Tomé,1,Sul Este,3,Cantagalo,1,CR Alto Douro,1,Pre Escolar,1,Escola Normal,0,Normal,0,Normal (Qd n tem geral nem CSPQ),0,Público,3,11310110003,,,CR Alto Douro //  Cantagalo
100,São Tomé e Principe,1,São Tomé,1,Sul Este,3,Cantagalo,1,CR Bernado Faro,2,Pre Escolar,1,Escola Normal,0,Normal,0,Normal (Qd n tem geral nem CSPQ),0,Público,3,11310210003,,,CR Bernado Faro //  Cantagalo
101,São Tomé e Principe,1,São Tomé,1,Sul Este,3,Cantagalo,1,CR Claudino Faro,3,Pre Escolar,1,Escola Normal,0,Normal,0,Normal (Qd n tem geral nem CSPQ),0,Público,3,11310310003,,,CR Claudino Faro //  Cantagalo
102,São Tomé e Principe,1,São Tomé,1,Sul Este,3,Cantagalo,1,CR Mato Cana,4,Pre Escolar,1,Escola Normal,0,Normal,0,Normal (Qd n tem geral nem CSPQ),0,Público,3,11310410003,,,CR Mato Cana //  Cantagalo
103,São Tomé e Principe,1,São Tomé,1,Sul Este,3,Cantagalo,1,CR Caridade,5,Pre Escolar,1,Escola Normal,0,Normal,0,Normal (Qd n tem geral nem CSPQ),0,Público,3,11310510003,,,CR Caridade //  Cantagalo
104,São Tomé e Principe,1,São Tomé,1,Sul Este,3,Cantagalo,1,CR Colónia AçorIana,6,Pre Escolar,1,Escola Normal,0,Normal,0,Normal (Qd n tem geral nem CSPQ),0,Público,3,11310610003,,,CR Colónia AçorIana //  Cantagalo
105,São Tomé e Principe,1,São Tomé,1,Sul Este,3,Cantagalo,1,Jardim Agua Izé,7,Pre Escolar,1,Escola Normal,0,Normal,0,Normal (Qd n tem geral nem CSPQ),0,Público,3,11310710003,,,Jardim Agua Izé //  Cantagalo
106,São Tomé e Principe,1,São Tomé,1,Sul Este,3,Cantagalo,1,CR Anselmo Andrade,8,Pre Escolar,1,Escola Normal,0,Normal,0,Normal (Qd n tem geral nem CSPQ),0,Público,3,11310810003,,,CR Anselmo Andrade //  Cantagalo
107,São Tomé e Principe,1,São Tomé,1,Sul Este,3,Cantagalo,1,CR Pedroma,9,Pre Escolar,1,Escola Normal,0,Normal,0,Normal (Qd n tem geral nem CSPQ),0,Público,3,11310910003,,,CR Pedroma //  Cantagalo
108,São Tomé e Principe,1,São Tomé,1,Sul Este,3,Cantagalo,1,Jardim Pinheira,10,Pre Escolar,1,Escola Normal,0,Normal,0,Normal (Qd n tem geral nem CSPQ),0,Público,3,11311010003,,,Jardim Pinheira //  Cantagalo
109,São Tomé e Principe,1,São Tomé,1,Sul Este,3,Cantagalo,1,CR Uba - Budo,11,Pre Escolar,1,Escola Normal,0,Normal,0,Normal (Qd n tem geral nem CSPQ),0,Público,3,11311110003,,,CR Uba - Budo //  Cantagalo
110,São Tomé e Principe,1,São Tomé,1,Sul Este,3,Cantagalo,1,Jardim Santana,12,Pre Escolar,1,Escola Normal,0,Normal,0,Normal (Qd n tem geral nem CSPQ),0,Público,3,11311210003,,,Jardim Santana //  Cantagalo
111,São Tomé e Principe,1,São Tomé,1,Sul Este,3,Cantagalo,1,CR Santa Clotilde,13,Pre Escolar,1,Escola Normal,0,Normal,0,Normal (Qd n tem geral nem CSPQ),0,Público,3,11311310003,,,CR Santa Clotilde //  Cantagalo
112,São Tomé e Principe,1,São Tomé,1,Sul Este,3,Cantagalo,1,Jardim Santo Isidoro,14,Pre Escolar,1,Escola Normal,0,Normal,0,Normal (Qd n tem geral nem CSPQ),0,Público,3,11311410003,,,Jardim Santo Isidoro //  Cantagalo
113,São Tomé e Principe,1,São Tomé,1,Sul Este,3,Cantagalo,1,Jardim Sol s/ Fronteira,15,Pre Escolar,1,Escola Normal,0,Normal,0,Normal (Qd n tem geral nem CSPQ),0,Público,3,11311510003,,,Jardim Sol s/ Fronteira //  Cantagalo
114,São Tomé e Principe,1,São Tomé,1,Sul Este,3,Cantagalo,1,CR Quimpo,16,Pre Escolar,1,Escola Normal,0,Normal,0,Normal (Qd n tem geral nem CSPQ),0,Público,3,11311610003,,,CR Quimpo //  Cantagalo
115,São Tomé e Principe,1,São Tomé,1,Sul Este,3,Cantagalo,1,Jardim Nova Canaâ,17,Pre Escolar,1,Escola Normal,0,Normal,0,Normal (Qd n tem geral nem CSPQ),0,Privado,1,11311710001,,,Jardim Nova Canaâ //  Cantagalo
116,São Tomé e Principe,1,São Tomé,1,Sul Este,3,Cantagalo,1,Nova Olinda,18,Pre Escolar,1,Escola Normal,0,Normal,0,Normal (Qd n tem geral nem CSPQ),0,Privado,1,11311810001,,,Nova Olinda //  Cantagalo
117,São Tomé e Principe,1,São Tomé,1,Sul Este,3,Cantagalo,1,Paróquia de Santana,19,Pre Escolar,1,Escola Normal,0,Normal,0,Normal (Qd n tem geral nem CSPQ),0,Privado,1,11311910001,,,Paróquia de Santana //  Cantagalo
118,São Tomé e Principe,1,São Tomé,1,Sul Este,3,Cantagalo,1,Jardim Pêpê (Sementinha),20,Pre Escolar,1,Escola Normal,0,Normal,0,Normal (Qd n tem geral nem CSPQ),0,Privado,1,11312010001,,,Jardim Pêpê (Sementinha) //  Cantagalo
119,São Tomé e Principe,1,São Tomé,1,Sul Este,3,Caué,2,CR Agripalma,1,Pre Escolar,1,Escola Normal,0,Normal,0,Normal (Qd n tem geral nem CSPQ),0,Público,3,11320110003,,,CR Agripalma //  Caué
120,São Tomé e Principe,1,São Tomé,1,Sul Este,3,Caué,2,CR Dona Augusta,2,Pre Escolar,1,Escola Normal,0,Normal,0,Normal (Qd n tem geral nem CSPQ),0,Público,3,11320210003,,,CR Dona Augusta //  Caué
121,São Tomé e Principe,1,São Tomé,1,Sul Este,3,Caué,2,Jardim Angolares,3,Pre Escolar,1,Escola Normal,0,Normal,0,Normal (Qd n tem geral nem CSPQ),0,Público,3,11320310003,,,Jardim Angolares //  Caué
122,São Tomé e Principe,1,São Tomé,1,Sul Este,3,Caué,2,Jardim Malanza,4,Pre Escolar,1,Escola Normal,0,Normal,0,Normal (Qd n tem geral nem CSPQ),0,Público,3,11320410003,,,Jardim Malanza //  Caué
123,São Tomé e Principe,1,São Tomé,1,Sul Este,3,Caué,2,CR Porto Alegre,5,Pre Escolar,1,Escola Normal,0,Normal,0,Normal (Qd n tem geral nem CSPQ),0,Público,3,11320510003,,,CR Porto Alegre //  Caué
124,São Tomé e Principe,1,São Tomé,1,Sul Este,3,Caué,2,CR Ribeira Peixe,6,Pre Escolar,1,Escola Normal,0,Normal,0,Normal (Qd n tem geral nem CSPQ),0,Público,3,11320610003,,,CR Ribeira Peixe //  Caué
125,São Tomé e Principe,1,Principe,2,RAP,4,Principe,1,Jardim Abade,1,Pre Escolar,1,Escola Normal,0,Normal,0,Normal (Qd n tem geral nem CSPQ),0,Público,3,12410110003,,,Jardim Abade //  Principe
126,São Tomé e Principe,1,Principe,2,RAP,4,Principe,1,Jardim Alda do Espiríto Santo,2,Pre Escolar,1,Escola Normal,0,Normal,0,Normal (Qd n tem geral nem CSPQ),0,Público,3,12410210003,,,Jardim Alda do Espiríto Santo //  Principe
127,São Tomé e Principe,1,Principe,2,RAP,4,Principe,1,CR Belo Monte,3,Pre Escolar,1,Escola Normal,0,Normal,0,Normal (Qd n tem geral nem CSPQ),0,Público,3,12410310003,,,CR Belo Monte //  Principe
128,São Tomé e Principe,1,Principe,2,RAP,4,Principe,1,Jardim João Paulo Cassandra,4,Pre Escolar,1,Escola Normal,0,Normal,0,Normal (Qd n tem geral nem CSPQ),0,Público,3,12410410003,,,Jardim João Paulo Cassandra //  Principe
129,São Tomé e Principe,1,Principe,2,RAP,4,Principe,1,Jardim Mino Quetê,5,Pre Escolar,1,Escola Normal,0,Normal,0,Normal (Qd n tem geral nem CSPQ),0,Público,3,12410510003,,,Jardim Mino Quetê //  Principe
130,São Tomé e Principe,1,Principe,2,RAP,4,Principe,1,Jardim Os Inhamisinhos,6,Pre Escolar,1,Escola Normal,0,Normal,0,Normal (Qd n tem geral nem CSPQ),0,Público,3,12410610003,,,Jardim Os Inhamisinhos //  Principe
131,São Tomé e Principe,1,Principe,2,RAP,4,Principe,1,Jardim Pincaté,7,Pre Escolar,1,Escola Normal,0,Normal,0,Normal (Qd n tem geral nem CSPQ),0,Público,3,12410710003,,,Jardim Pincaté //  Principe
132,São Tomé e Principe,1,Principe,2,RAP,4,Principe,1,Jardim Ponta do Sol,8,Pre Escolar,1,Escola Normal,0,Normal,0,Normal (Qd n tem geral nem CSPQ),0,Público,3,12410810003,,,Jardim Ponta do Sol //  Principe
133,São Tomé e Principe,1,Principe,2,RAP,4,Principe,1,Jardim Porto Real,9,Pre Escolar,1,Escola Normal,0,Normal,0,Normal (Qd n tem geral nem CSPQ),0,Público,3,12410910003,,,Jardim Porto Real //  Principe
134,São Tomé e Principe,1,Principe,2,RAP,4,Principe,1,Jardim Praia das Burras,10,Pre Escolar,1,Escola Normal,0,Normal,0,Normal (Qd n tem geral nem CSPQ),0,Público,3,12411010003,,,Jardim Praia das Burras //  Principe
135,São Tomé e Principe,1,Principe,2,RAP,4,Principe,1,Jardim S.AntónioII,11,Pre Escolar,1,Escola Normal,0,Normal,0,Normal (Qd n tem geral nem CSPQ),0,Público,3,12411110003,,,Jardim S.AntónioII //  Principe
136,São Tomé e Principe,1,Principe,2,RAP,4,Principe,1,Jardim S.Teresinha,12,Pre Escolar,1,Escola Normal,0,Normal,0,Normal (Qd n tem geral nem CSPQ),0,Público,3,12411210003,,,Jardim S.Teresinha //  Principe
137,São Tomé e Principe,1,Principe,2,RAP,4,Principe,1,Jardim S. Joaquim,13,Pre Escolar,1,Escola Normal,0,Normal,0,Normal (Qd n tem geral nem CSPQ),0,Público,3,12411310003,,,Jardim S. Joaquim //  Principe
138,São Tomé e Principe,1,Principe,2,RAP,4,Principe,1,CR Sundy,14,Pre Escolar,1,Escola Normal,0,Normal,0,Normal (Qd n tem geral nem CSPQ),0,Público,3,12411410003,,,CR Sundy //  Principe
139,São Tomé e Principe,1,Principe,2,RAP,4,Principe,1,Jardim Tchada,15,Pre Escolar,1,Escola Normal,0,Normal,0,Normal (Qd n tem geral nem CSPQ),0,Público,3,12411510003,,,Jardim Tchada //  Principe
140,São Tomé e Principe,1,Principe,2,RAP,4,Principe,1,Jardim Terreiro velho,16,Pre Escolar,1,Escola Normal,0,Normal,0,Normal (Qd n tem geral nem CSPQ),0,Público,3,12411610003,,,Jardim Terreiro velho //  Principe
141,São Tomé e Principe,1,Principe,2,RAP,4,Principe,1,Jardim Lar S. José,17,Pre Escolar,1,Escola Normal,0,Normal,0,Normal (Qd n tem geral nem CSPQ),0,Público,3,12411710003,,,Jardim Lar S. José //  Principe
142,São Tomé e Principe,1,Principe,2,RAP,4,Principe,1,Inocência,18,Pre Escolar,1,Escola Normal,0,Normal,0,Normal (Qd n tem geral nem CSPQ),0,Público,3,12411810003,,,Inocência //  Principe
143,São Tomé e Principe,1,São Tomé,1,Centro  Este,2,Água Grande,1,12 de Julho,1,Ensino Basico,2,Escola Normal,0,Normal,0,Normal (Qd n tem geral nem CSPQ),0,Público,3,11210120003,,,12 de Julho //  Água Grande
144,São Tomé e Principe,1,São Tomé,1,Centro  Este,2,Água Grande,1,Jorge Batista de Sousa/Almeirim,2,Ensino Basico,2,Escola Normal,0,Normal,0,Normal (Qd n tem geral nem CSPQ),0,Público,3,11210220003,,,Jorge Batista de Sousa/Almeirim //  Água Grande
145,São Tomé e Principe,1,São Tomé,1,Centro  Este,2,Água Grande,1,Atanásio Gomes,3,Ensino Basico,2,Escola Normal,0,Normal,0,Normal (Qd n tem geral nem CSPQ),0,Público,3,11210320003,,,Atanásio Gomes //  Água Grande
146,São Tomé e Principe,1,São Tomé,1,Centro  Este,2,Água Grande,1,Boa Morte,4,Ensino Basico,2,Escola Normal,0,Normal,0,Normal (Qd n tem geral nem CSPQ),0,Público,3,11210420003,,,Boa Morte //  Água Grande
147,São Tomé e Principe,1,São Tomé,1,Centro  Este,2,Água Grande,1,Bôbo - Forro,5,Ensino Basico,2,Escola Integrada (Básico/Sec),2,Normal,0,Normal (Qd n tem geral nem CSPQ),0,Público,3,11210522003,,,Bôbo - Forro //  Água Grande
148,São Tomé e Principe,1,São Tomé,1,Centro  Este,2,Água Grande,1,Dona Maria de Jesus,6,Ensino Basico,2,Escola Normal,0,Normal,0,Normal (Qd n tem geral nem CSPQ),0,Público,3,11210620003,,,Dona Maria de Jesus //  Água Grande
149,São Tomé e Principe,1,São Tomé,1,Centro  Este,2,Água Grande,1,Oquê-del-Rei,7,Ensino Basico,2,Escola Normal,0,Normal,0,Normal (Qd n tem geral nem CSPQ),0,Público,3,11210720003,,,Oquê-del-Rei //  Água Grande
150,São Tomé e Principe,1,São Tomé,1,Centro  Este,2,Água Grande,1,Riboque Capital,8,Ensino Basico,2,Escola Normal,0,Normal,0,Normal (Qd n tem geral nem CSPQ),0,Público,3,11210820003,,,Riboque Capital //  Água Grande
151,São Tomé e Principe,1,São Tomé,1,Centro  Este,2,Água Grande,1,Francisco Tenreiro,9,Ensino Basico,2,Escola Normal,0,Normal,0,Normal (Qd n tem geral nem CSPQ),0,Público,3,11210920003,,,Francisco Tenreiro //  Água Grande
152,São Tomé e Principe,1,São Tomé,1,Centro  Este,2,Água Grande,1,1º de Junho,10,Ensino Basico,2,Escola Normal,0,Normal,0,Normal (Qd n tem geral nem CSPQ),0,Público,3,11211020003,,,1º de Junho //  Água Grande
153,São Tomé e Principe,1,São Tomé,1,Centro  Este,2,Água Grande,1,Patrice Lumumba,12,Ensino Basico,2,Escola Integrada (Básico/Sec),2,Normal,0,Normal (Qd n tem geral nem CSPQ),0,Público,3,11211222003,,,Patrice Lumumba //  Água Grande
154,São Tomé e Principe,1,São Tomé,1,Centro  Este,2,Água Grande,1,Pantufo,13,Ensino Basico,2,Escola Normal,0,Normal,0,Normal (Qd n tem geral nem CSPQ),0,Público,3,11211320003,,,Pantufo //  Água Grande
155,São Tomé e Principe,1,São Tomé,1,Centro  Este,2,Água Grande,1,Praia Gamboa,14,Ensino Basico,2,Escola Normal,0,Normal,0,Normal (Qd n tem geral nem CSPQ),0,Público,3,11211420003,,,Praia Gamboa //  Água Grande
156,São Tomé e Principe,1,São Tomé,1,Centro  Este,2,Água Grande,1,S. Marçal,15,Ensino Basico,2,Escola Normal,0,Normal,0,Normal (Qd n tem geral nem CSPQ),0,Público,3,11211520003,,,S. Marçal //  Água Grande
157,São Tomé e Principe,1,São Tomé,1,Centro  Este,2,Água Grande,1,São João,16,Ensino Basico,2,Escola Normal,0,Normal,0,Normal (Qd n tem geral nem CSPQ),0,Público,3,11211620003,,,São João //  Água Grande
158,São Tomé e Principe,1,São Tomé,1,Centro  Este,2,Água Grande,1,COLÉGIO DE SÃO TOMÉ,17,Ensino Basico,2,Escola Normal,0,Normal,0,Normal (Qd n tem geral nem CSPQ),0,Privado,1,11211720001,,,COLÉGIO DE SÃO TOMÉ //  Água Grande
159,São Tomé e Principe,1,São Tomé,1,Centro  Este,2,Água Grande,1,Adeus Pobreza,18,Ensino Basico,2,Escola Normal,0,Normal,0,Normal (Qd n tem geral nem CSPQ),0,Privado,1,11211820001,,,Adeus Pobreza //  Água Grande
160,São Tomé e Principe,1,São Tomé,1,Centro  Este,2,Água Grande,1,A Princesinha,19,Ensino Basico,2,Escola Normal,0,Normal,0,Normal (Qd n tem geral nem CSPQ),0,Privado,1,11211920001,,,A Princesinha //  Água Grande
161,São Tomé e Principe,1,São Tomé,1,Centro  Este,2,Água Grande,1,ESCOLA INTERNACIONAL,20,Ensino Basico,2,Escola Normal,0,Normal,0,Normal (Qd n tem geral nem CSPQ),0,Privado,1,11212020001,,,ESCOLA INTERNACIONAL //  Água Grande
162,São Tomé e Principe,1,São Tomé,1,Centro  Este,2,Água Grande,1,ESCOLA PORTUGUESA-CELP,21,Ensino Basico,2,Escola Integrada (Básico/Sec),2,Normal,0,Geral,1,Privado,1,11212122011,,,ESCOLA PORTUGUESA-CELP //  Água Grande
163,São Tomé e Principe,1,São Tomé,1,Centro  Este,2,Mé-Zóchi,2,Trindade Sousa Pontes,1,Ensino Basico,2,Escola Normal,0,Normal,0,Normal (Qd n tem geral nem CSPQ),0,Público,3,11220120003,,,Trindade Sousa Pontes //  Mé-Zóchi
164,São Tomé e Principe,1,São Tomé,1,Centro  Este,2,Mé-Zóchi,2,Anastácio Cupertino B. de Sousa,2,Ensino Basico,2,Escola Normal,0,Normal,0,Normal (Qd n tem geral nem CSPQ),0,Público,3,11220220003,,,Anastácio Cupertino B. de Sousa //  Mé-Zóchi
165,São Tomé e Principe,1,São Tomé,1,Centro  Este,2,Mé-Zóchi,2,Folha-Féde,3,Ensino Basico,2,Escola Normal,0,Normal,0,Normal (Qd n tem geral nem CSPQ),0,Público,3,11220320003,,,Folha-Féde //  Mé-Zóchi
166,São Tomé e Principe,1,São Tomé,1,Centro  Este,2,Mé-Zóchi,2,Sam Fenícia,4,Ensino Basico,2,Escola Integrada (Básico/Sec),2,Normal,0,Normal (Qd n tem geral nem CSPQ),0,Público,3,11220422003,,,Sam Fenícia //  Mé-Zóchi
167,São Tomé e Principe,1,São Tomé,1,Centro  Este,2,Mé-Zóchi,2,M.Q.B.(BATEPÀ),5,Ensino Basico,2,Escola Normal,0,Normal,0,Normal (Qd n tem geral nem CSPQ),0,Público,3,11220520003,,,M.Q.B.(BATEPÀ) //  Mé-Zóchi
168,São Tomé e Principe,1,São Tomé,1,Centro  Este,2,Mé-Zóchi,2,Monte Café,6,Ensino Basico,2,Escola Normal,0,Normal,0,Normal (Qd n tem geral nem CSPQ),0,Público,3,11220620003,,,Monte Café //  Mé-Zóchi
169,São Tomé e Principe,1,São Tomé,1,Centro  Este,2,Mé-Zóchi,2,Caixão Grande,7,Ensino Basico,2,Escola Normal,0,Normal,0,Normal (Qd n tem geral nem CSPQ),0,Público,3,11220720003,,,Caixão Grande //  Mé-Zóchi
170,São Tomé e Principe,1,São Tomé,1,Centro  Este,2,Mé-Zóchi,2,Januário Graça,8,Ensino Basico,2,Escola Normal,0,Normal,0,Normal (Qd n tem geral nem CSPQ),0,Público,3,11220820003,,,Januário Graça //  Mé-Zóchi
171,São Tomé e Principe,1,São Tomé,1,Centro  Este,2,Mé-Zóchi,2,Lemos,9,Ensino Basico,2,Escola Normal,0,Normal,0,Normal (Qd n tem geral nem CSPQ),0,Público,3,11220920003,,,Lemos //  Mé-Zóchi
172,São Tomé e Principe,1,São Tomé,1,Centro  Este,2,Mé-Zóchi,2,Albertina Matos,10,Ensino Basico,2,Escola Integrada (Básico/Sec),2,Normal,0,Normal (Qd n tem geral nem CSPQ),0,Público,3,11221022003,,,Albertina Matos //  Mé-Zóchi
173,São Tomé e Principe,1,São Tomé,1,Centro  Este,2,Mé-Zóchi,2,Milagrosa,11,Ensino Basico,2,Escola Normal,0,Normal,0,Normal (Qd n tem geral nem CSPQ),0,Público,3,11221120003,,,Milagrosa //  Mé-Zóchi
174,São Tomé e Principe,1,São Tomé,1,Centro  Este,2,Mé-Zóchi,2,POTÓ,12,Ensino Basico,2,Escola Normal,0,Normal,0,Normal (Qd n tem geral nem CSPQ),0,Público,3,11221220003,,,POTÓ //  Mé-Zóchi
175,São Tomé e Principe,1,São Tomé,1,Centro  Este,2,Mé-Zóchi,2,Java,13,Ensino Basico,2,Escola Normal,0,Normal,0,Normal (Qd n tem geral nem CSPQ),0,Público,3,11221320003,,,Java //  Mé-Zóchi
176,São Tomé e Principe,1,São Tomé,1,Centro  Este,2,Mé-Zóchi,2,Manuel do Rosário,14,Ensino Basico,2,Escola Normal,0,Normal,0,Normal (Qd n tem geral nem CSPQ),0,Público,3,11221420003,,,Manuel do Rosário //  Mé-Zóchi
177,São Tomé e Principe,1,São Tomé,1,Centro  Este,2,Mé-Zóchi,2,Água das Belas,15,Ensino Basico,2,Escola Normal,0,Normal,0,Normal (Qd n tem geral nem CSPQ),0,Público,3,11221520003,,,Água das Belas //  Mé-Zóchi
178,São Tomé e Principe,1,São Tomé,1,Centro  Este,2,Mé-Zóchi,2,Trindade,16,Ensino Basico,2,Escola Normal,0,Normal,0,Normal (Qd n tem geral nem CSPQ),0,Público,3,11221620003,,,Trindade //  Mé-Zóchi
179,São Tomé e Principe,1,São Tomé,1,Centro  Este,2,Mé-Zóchi,2,Almas (2º Ciclo),17,Ensino Basico,2,Escola Integrada (Básico/Sec),2,Normal,0,Normal (Qd n tem geral nem CSPQ),0,Público,3,11221722003,,,Almas (2º Ciclo) //  Mé-Zóchi
180,São Tomé e Principe,1,São Tomé,1,Centro  Este,2,Mé-Zóchi,2,Otótó,18,Ensino Basico,2,Escola Normal,0,Normal,0,Normal (Qd n tem geral nem CSPQ),0,Público,3,11221820003,,,Otótó //  Mé-Zóchi
181,São Tomé e Principe,1,São Tomé,1,Centro  Este,2,Mé-Zóchi,2,Diogo Simão,19,Ensino Basico,2,Escola Normal,0,Normal,0,Normal (Qd n tem geral nem CSPQ),0,Público,3,11221920003,,,Diogo Simão //  Mé-Zóchi
182,São Tomé e Principe,1,São Tomé,1,Centro  Este,2,Mé-Zóchi,2,António Francisco,20,Ensino Basico,2,Escola Integrada (Básico/Sec),2,Normal,0,Normal (Qd n tem geral nem CSPQ),0,Público,3,11222022003,,,António Francisco //  Mé-Zóchi
183,São Tomé e Principe,1,São Tomé,1,Norte Oeste,1,Lembá,2,Esprainha,1,Ensino Basico,2,Escola Normal,0,Normal,0,Normal (Qd n tem geral nem CSPQ),0,Público,3,11120120003,,,Esprainha //  Lembá
184,São Tomé e Principe,1,São Tomé,1,Norte Oeste,1,Lembá,2,Santa Jeny,2,Ensino Basico,2,Escola Normal,0,Normal,0,Normal (Qd n tem geral nem CSPQ),0,Público,3,11120220003,,,Santa Jeny //  Lembá
185,São Tomé e Principe,1,São Tomé,1,Norte Oeste,1,Lembá,2,Mãe Clara,3,Ensino Basico,2,Escola Normal,0,Normal,0,Normal (Qd n tem geral nem CSPQ),0,Misto,2,11120320002,,,Mãe Clara //  Lembá
186,São Tomé e Principe,1,São Tomé,1,Norte Oeste,1,Lembá,2,Neves (1º Ciclo),4,Ensino Basico,2,Escola Normal,0,Normal,0,Normal (Qd n tem geral nem CSPQ),0,Público,3,11120420003,,,Neves (1º Ciclo) //  Lembá
187,São Tomé e Principe,1,São Tomé,1,Norte Oeste,1,Lembá,2,Ponta Figo,5,Ensino Basico,2,Escola Normal,0,Normal,0,Normal (Qd n tem geral nem CSPQ),0,Público,3,11120520003,,,Ponta Figo //  Lembá
188,São Tomé e Principe,1,São Tomé,1,Norte Oeste,1,Lembá,2,Mário Moniz,6,Ensino Basico,2,Escola Integrada (Básico/Sec),2,Normal,0,Normal (Qd n tem geral nem CSPQ),0,Público,3,11120622003,,,Mário Moniz //  Lembá
189,São Tomé e Principe,1,São Tomé,1,Norte Oeste,1,Lembá,2,Rosema,7,Ensino Basico,2,Escola Normal,0,Normal,0,Normal (Qd n tem geral nem CSPQ),0,Público,3,11120720003,,,Rosema //  Lembá
190,São Tomé e Principe,1,São Tomé,1,Norte Oeste,1,Lembá,2,Diogo Vaz,8,Ensino Basico,2,Escola Integrada (Básico/Sec),2,Normal,0,Normal (Qd n tem geral nem CSPQ),0,Público,3,11120822003,,,Diogo Vaz //  Lembá
191,São Tomé e Principe,1,São Tomé,1,Norte Oeste,1,Lembá,2,Sta Catarina (1º Ciclo),9,Ensino Basico,2,Escola Normal,0,Normal,0,Normal (Qd n tem geral nem CSPQ),0,Público,3,11120920003,,,Sta Catarina (1º Ciclo) //  Lembá
192,São Tomé e Principe,1,São Tomé,1,Norte Oeste,1,Lembá,2,Sta Catarina (2º Ciclo),10,Ensino Basico,2,Escola Normal,2,Normal,0,Normal (Qd n tem geral nem CSPQ),0,Público,3,11121022003,,,Sta Catarina (2º Ciclo) //  Lembá
193,São Tomé e Principe,1,São Tomé,1,Norte Oeste,1,Lembá,2,Domingos Daio,11,Ensino Basico,2,Escola Integrada (Básico/Sec),2,Normal,0,Normal (Qd n tem geral nem CSPQ),0,Público,3,11121122003,,,Domingos Daio //  Lembá
194,São Tomé e Principe,1,São Tomé,1,Norte Oeste,1,Lembá,2,Nossa Senhora das Neves,12,Ensino Basico,2,Escola Normal,0,Normal,0,Normal (Qd n tem geral nem CSPQ),0,Misto,2,11121220002,,,Nossa Senhora das Neves //  Lembá
195,São Tomé e Principe,1,São Tomé,1,Norte Oeste,1,Lobata,1,Agostinho Neto,1,Ensino Basico,2,Escola Normal,0,Normal,0,Normal (Qd n tem geral nem CSPQ),0,Público,3,11110120003,,,Agostinho Neto //  Lobata
196,São Tomé e Principe,1,São Tomé,1,Norte Oeste,1,Lobata,1,Caldeiras,2,Ensino Basico,2,Escola Normal,0,Normal,0,Normal (Qd n tem geral nem CSPQ),0,Público,3,11110220003,,,Caldeiras //  Lobata
197,São Tomé e Principe,1,São Tomé,1,Norte Oeste,1,Lobata,1,Conde,3,Ensino Basico,2,Escola Normal,0,Normal,0,Normal (Qd n tem geral nem CSPQ),0,Público,3,11110320003,,,Conde //  Lobata
198,São Tomé e Principe,1,São Tomé,1,Norte Oeste,1,Lobata,1,Desejada,4,Ensino Basico,2,Escola Integrada (Básico/Sec),2,Normal,0,Normal (Qd n tem geral nem CSPQ),0,Público,3,11110422003,,,Desejada //  Lobata
199,São Tomé e Principe,1,São Tomé,1,Norte Oeste,1,Lobata,1,Boa Entrada,5,Ensino Basico,2,Escola Normal,0,Normal,0,Normal (Qd n tem geral nem CSPQ),0,Público,3,11110520003,,,Boa Entrada //  Lobata
200,São Tomé e Principe,1,São Tomé,1,Norte Oeste,1,Lobata,1,José Leal Bouças,6,Ensino Basico,2,Escola Normal,0,Normal,0,Normal (Qd n tem geral nem CSPQ),0,Público,3,11110620003,,,José Leal Bouças //  Lobata
201,São Tomé e Principe,1,São Tomé,1,Norte Oeste,1,Lobata,1,Magodinho,7,Ensino Basico,2,Escola Normal,0,Normal,0,Normal (Qd n tem geral nem CSPQ),0,Público,3,11110720003,,,Magodinho //  Lobata
202,São Tomé e Principe,1,São Tomé,1,Norte Oeste,1,Lobata,1,Praia das Conchas,8,Ensino Basico,2,Escola Normal,0,Normal,0,Normal (Qd n tem geral nem CSPQ),0,Público,3,11110820003,,,Praia das Conchas //  Lobata
203,São Tomé e Principe,1,São Tomé,1,Norte Oeste,1,Lobata,1,Praia Morro Peixe,9,Ensino Basico,2,Escola Normal,0,Normal,0,Normal (Qd n tem geral nem CSPQ),0,Público,3,11110920003,,,Praia Morro Peixe //  Lobata
204,São Tomé e Principe,1,São Tomé,1,Norte Oeste,1,Lobata,1,Santa Luzia,10,Ensino Basico,2,Escola Normal,0,Normal,0,Normal (Qd n tem geral nem CSPQ),0,Público,3,11111020003,,,Santa Luzia //  Lobata
205,São Tomé e Principe,1,São Tomé,1,Norte Oeste,1,Lobata,1,Venâncio Pires,11,Ensino Basico,2,Escola Normal,0,Normal,0,Normal (Qd n tem geral nem CSPQ),0,Público,3,11111120003,,,Venâncio Pires //  Lobata
206,São Tomé e Principe,1,São Tomé,1,Norte Oeste,1,Lobata,1,Guadalupe (2º Ciclo),12,Ensino Basico,2,Escola Integrada (Básico/Sec),2,Normal,0,Normal (Qd n tem geral nem CSPQ),0,Público,3,11111222003,,,Guadalupe (2º Ciclo) //  Lobata
207,São Tomé e Principe,1,São Tomé,1,Sul Este,3,Cantagalo,1,Adão Deus Lima,1,Ensino Basico,2,Escola Normal,0,Normal,0,Normal (Qd n tem geral nem CSPQ),0,Público,3,11310120003,,,Adão Deus Lima //  Cantagalo
208,São Tomé e Principe,1,São Tomé,1,Sul Este,3,Cantagalo,1,Ribeira Afonso,2,Ensino Basico,2,Escola Normal,0,Normal,0,Normal (Qd n tem geral nem CSPQ),0,Público,3,11310220003,,,Ribeira Afonso //  Cantagalo
209,São Tomé e Principe,1,São Tomé,1,Sul Este,3,Cantagalo,1,Praia Rei,3,Ensino Basico,2,Escola Integrada (Básico/Sec),2,Normal,0,Normal (Qd n tem geral nem CSPQ),0,Público,3,11310322003,,,Praia Rei //  Cantagalo
210,São Tomé e Principe,1,São Tomé,1,Sul Este,3,Cantagalo,1,Colónia Açoreana,4,Ensino Basico,2,Escola Integrada (Básico/Sec),2,Normal,0,Normal (Qd n tem geral nem CSPQ),0,Público,3,11310422003,,,Colónia Açoreana //  Cantagalo
211,São Tomé e Principe,1,São Tomé,1,Sul Este,3,Cantagalo,1,Anselmo Andrade,5,Ensino Basico,2,Escola Normal,0,Normal,0,Normal (Qd n tem geral nem CSPQ),0,Público,3,11310520003,,,Anselmo Andrade //  Cantagalo
212,São Tomé e Principe,1,São Tomé,1,Sul Este,3,Cantagalo,1,Claudino Faro,6,Ensino Basico,2,Escola Normal,0,Normal,0,Normal (Qd n tem geral nem CSPQ),0,Público,3,11310620003,,,Claudino Faro //  Cantagalo
213,São Tomé e Principe,1,São Tomé,1,Sul Este,3,Cantagalo,1,Mendes da Silva,7,Ensino Basico,2,Escola Normal,0,Normal,0,Normal (Qd n tem geral nem CSPQ),0,Público,3,11310720003,,,Mendes da Silva //  Cantagalo
214,São Tomé e Principe,1,São Tomé,1,Sul Este,3,Cantagalo,1,Quimpo,8,Ensino Basico,2,Escola Normal,0,Normal,0,Normal (Qd n tem geral nem CSPQ),0,Público,3,11310820003,,,Quimpo //  Cantagalo
215,São Tomé e Principe,1,São Tomé,1,Sul Este,3,Cantagalo,1,Uba-Budo,9,Ensino Basico,2,Escola Normal,0,Normal,0,Normal (Qd n tem geral nem CSPQ),0,Público,3,11310920003,,,Uba-Budo //  Cantagalo
216,São Tomé e Principe,1,São Tomé,1,Sul Este,3,Cantagalo,1,Riboque Santana,10,Ensino Basico,2,Escola Normal,0,Normal,0,Normal (Qd n tem geral nem CSPQ),0,Público,3,11311020003,,,Riboque Santana //  Cantagalo
217,São Tomé e Principe,1,São Tomé,1,Sul Este,3,Cantagalo,1,Pedroma,11,Ensino Basico,2,Escola Normal,0,Normal,0,Normal (Qd n tem geral nem CSPQ),0,Público,3,11311120003,,,Pedroma //  Cantagalo
218,São Tomé e Principe,1,São Tomé,1,Sul Este,3,Cantagalo,1,Maria Augusta Silva,12,Ensino Basico,2,Escola Integrada (Básico/Sec),2,Normal,0,Normal (Qd n tem geral nem CSPQ),0,Público,3,11311222003,,,Maria Augusta Silva //  Cantagalo
219,São Tomé e Principe,1,São Tomé,1,Sul Este,3,Caué,2,Angra Toldo,1,Ensino Basico,2,Escola Integrada (Básico/Sec),2,Normal,0,Normal (Qd n tem geral nem CSPQ),0,Público,3,11320122003,,,Angra Toldo //  Caué
220,São Tomé e Principe,1,São Tomé,1,Sul Este,3,Caué,2,Angolares,2,Ensino Basico,2,Escola Normal,0,Normal,0,Normal (Qd n tem geral nem CSPQ),0,Público,3,11320220003,,,Angolares //  Caué
221,São Tomé e Principe,1,São Tomé,1,Sul Este,3,Caué,2,Dona Augusta,3,Ensino Basico,2,Escola Normal,0,Normal,0,Normal (Qd n tem geral nem CSPQ),0,Público,3,11320320003,,,Dona Augusta //  Caué
222,São Tomé e Principe,1,São Tomé,1,Sul Este,3,Caué,2,Ilhéu das Rolas,4,Ensino Basico,2,Escola Normal,0,Normal,0,Normal (Qd n tem geral nem CSPQ),0,Público,3,11320420003,,,Ilhéu das Rolas //  Caué
223,São Tomé e Principe,1,São Tomé,1,Sul Este,3,Caué,2,Iô Grande,5,Ensino Basico,2,Escola Normal,0,Normal,0,Normal (Qd n tem geral nem CSPQ),0,Público,3,11320520003,,,Iô Grande //  Caué
224,São Tomé e Principe,1,São Tomé,1,Sul Este,3,Caué,2,Monte Mário,6,Ensino Basico,2,Escola Normal,0,Normal,0,Normal (Qd n tem geral nem CSPQ),0,Público,3,11320620003,,,Monte Mário //  Caué
225,São Tomé e Principe,1,São Tomé,1,Sul Este,3,Caué,2,Porto Alegre (1º Ciclo),7,Ensino Basico,2,Escola Normal,0,Normal,0,Normal (Qd n tem geral nem CSPQ),0,Público,3,11320720003,,,Porto Alegre (1º Ciclo) //  Caué
226,São Tomé e Principe,1,São Tomé,1,Sul Este,3,Caué,2,Ribeira Peixe,8,Ensino Basico,2,Escola Integrada (Básico/Sec),2,Normal,0,Normal (Qd n tem geral nem CSPQ),0,Público,3,11320822003,,,Ribeira Peixe //  Caué
227,São Tomé e Principe,1,São Tomé,1,Sul Este,3,Caué,2,Vila José,9,Ensino Basico,2,Escola Normal,0,Normal,0,Normal (Qd n tem geral nem CSPQ),0,Público,3,11320920003,,,Vila José //  Caué
228,São Tomé e Principe,1,São Tomé,1,Sul Este,3,Caué,2,Porto Alegre (2º Ciclo),10,Ensino Basico,2,Escola Integrada (Básico/Sec),2,Normal,0,Normal (Qd n tem geral nem CSPQ),0,Público,3,11321022003,,,Porto Alegre (2º Ciclo) //  Caué
229,São Tomé e Principe,1,Principe,2,RAP,4,Principe,1,Januário Graça,1,Ensino Basico,2,Escola Normal,0,Normal,0,Normal (Qd n tem geral nem CSPQ),0,Público,3,12410120003,,,Januário Graça //  Principe
230,São Tomé e Principe,1,Principe,2,RAP,4,Principe,1,Nova Estrela,2,Ensino Basico,2,Escola Integrada (Básico/Sec),2,Normal,0,Normal (Qd n tem geral nem CSPQ),0,Público,3,12410222003,,,Nova Estrela //  Principe
231,São Tomé e Principe,1,Principe,2,RAP,4,Principe,1,Paula Lavres,3,Ensino Basico,2,Escola Normal,0,Normal,0,Normal (Qd n tem geral nem CSPQ),0,Público,3,12410320003,,,Paula Lavres //  Principe
232,São Tomé e Principe,1,Principe,2,RAP,4,Principe,1,Porto Real,4,Ensino Basico,2,Escola Normal,0,Normal,0,Normal (Qd n tem geral nem CSPQ),0,Público,3,12410420003,,,Porto Real //  Principe
233,São Tomé e Principe,1,Principe,2,RAP,4,Principe,1,Praia Inhame,5,Ensino Basico,2,Escola Integrada (Básico/Sec),2,Normal,0,Normal (Qd n tem geral nem CSPQ),0,Público,3,12410522003,,,Praia Inhame //  Principe
234,São Tomé e Principe,1,Principe,2,RAP,4,Principe,1,Sam Joaquim,6,Ensino Basico,2,Escola Normal,0,Normal,0,Normal (Qd n tem geral nem CSPQ),0,Público,3,12410620003,,,Sam Joaquim //  Principe
235,São Tomé e Principe,1,Principe,2,RAP,4,Principe,1,Stº António II,7,Ensino Basico,2,Escola Normal,0,Normal,0,Normal (Qd n tem geral nem CSPQ),0,Público,3,12410720003,,,Stº António II //  Principe
236,São Tomé e Principe,1,Principe,2,RAP,4,Principe,1,Sundy,8,Ensino Basico,2,Escola Normal,0,Normal,0,Normal (Qd n tem geral nem CSPQ),0,Público,3,12410820003,,,Sundy //  Principe
237,São Tomé e Principe,1,Principe,2,RAP,4,Principe,1,Praia das Burras,9,Ensino Basico,2,Escola Normal,0,Normal,0,Normal (Qd n tem geral nem CSPQ),0,Público,3,12410920003,,,Praia das Burras //  Principe
238,São Tomé e Principe,1,Principe,2,RAP,4,Principe,1,Abade,10,Ensino Basico,2,Escola Normal,0,Normal,0,Normal (Qd n tem geral nem CSPQ),0,Público,3,12411020003,,,Abade //  Principe
239,São Tomé e Principe,1,São Tomé,1,Centro  Este,2,Água Grande,1,Chácara,1,Ensino Secundario,3,Escola Normal,0,Normal,0,Geral,1,Público,3,11210130013,,,Chácara //  Água Grande
240,São Tomé e Principe,1,São Tomé,1,Centro  Este,2,Água Grande,1,Liceu Nacional,2,Ensino Secundario,3,Escola Normal,0,Normal,0,Geral e CSPQ,3,Público,3,11210230033,,,Liceu Nacional //  Água Grande
241,São Tomé e Principe,1,São Tomé,1,Centro  Este,2,Água Grande,1,C. P. Madalena de Canossa,3,Ensino Secundario,3,Escola Normal,0,Normal,0,Geral,1,Público,3,11210330013,,,C. P. Madalena de Canossa //  Água Grande
242,São Tomé e Principe,1,São Tomé,1,Centro  Este,2,Mé-Zóchi,2,Januário José da Costa,1,Ensino Secundario,3,Escola Normal,0,Normal,0,Geral,1,Público,3,11220130013,,,Januário José da Costa //  Mé-Zóchi
243,São Tomé e Principe,1,São Tomé,1,Centro  Este,2,Mé-Zóchi,2,Maria Manuela Margarido,2,Ensino Secundario,3,Escola Normal,0,Normal,0,Geral,1,Público,3,11220230013,,,Maria Manuela Margarido //  Mé-Zóchi
244,São Tomé e Principe,1,São Tomé,1,Centro  Este,2,Mé-Zóchi,2,Trindade,3,Ensino Secundario,3,Escola Normal,0,Normal,0,Geral,1,Público,3,11220330013,,,Trindade //  Mé-Zóchi
245,São Tomé e Principe,1,São Tomé,1,Norte Oeste,1,Lembá,2,Neves,1,Ensino Secundario,3,Escola Normal,0,Normal,0,Geral,1,Público,3,11120130013,,,Neves //  Lembá
246,São Tomé e Principe,1,São Tomé,1,Norte Oeste,1,Lobata,1,Sebasteão dos Anjos do Rosário,1,Ensino Secundario,3,Escola Normal,0,Normal,0,Geral,1,Público,3,11110130013,,,Sebasteão dos Anjos do Rosário  //  Lobata
247,São Tomé e Principe,1,São Tomé,1,Sul Este,3,Cantagalo,1,Algés,1,Ensino Secundario,3,Escola Normal,0,Normal,0,Geral,1,Público,3,11310130013,,,Algés //  Cantagalo
248,São Tomé e Principe,1,São Tomé,1,Sul Este,3,Cantagalo,1,Santana,2,Ensino Secundario,3,Escola Normal,0,Normal,0,Geral,1,Público,3,11310230013,,,Santana //  Cantagalo
249,São Tomé e Principe,1,São Tomé,1,Sul Este,3,Cantagalo,1,Ribeira Afonso,3,Ensino Secundario,3,Escola Normal,0,Normal,0,Geral,1,Público,3,11310330013,,,Ribeira Afonso //  Cantagalo
250,São Tomé e Principe,1,São Tomé,1,Sul Este,3,Caué,2,Angolares,1,Ensino Secundario,3,Escola Normal,0,Normal,0,Geral e CSPQ,3,Público,3,11320130033,,,Angolares //  Caué
251,São Tomé e Principe,1,Principe,2,RAP,4,Principe,1,Padrão,1,Ensino Secundario,3,Escola Normal,0,Normal,0,Geral,1,Público,3,12410130013,,,Padrão //  Principe
252,São Tomé e Principe,1,São Tomé,1,Centro  Este,2,Água Grande,1,Centro Politécnico,1,Profissional,4,Escola Normal,0,Longa e curta,3,Normal (Qd n tem geral nem CSPQ),0,Público,3,11210140303,,,Centro Politécnico //  Água Grande
253,São Tomé e Principe,1,São Tomé,1,Centro  Este,2,Água Grande,1,IUCAI,2,Profissional,4,Cursos Médio/Superior,4,Longa e curta,3,Normal (Qd n tem geral nem CSPQ),0,Privado,1,11210244301,,,IUCAI //  Água Grande
254,São Tomé e Principe,1,São Tomé,1,Centro  Este,2,Água Grande,1,SERCOM,3,Profissional,4,Escola Normal,0,Longa e curta,3,CSPQ,2,Privado,1,11210340321,,,SERCOM //  Água Grande
255,São Tomé e Principe,1,São Tomé,1,Centro  Este,2,Água Grande,1,Centro Profissional Brasil STP,4,Profissional,4,Escola Normal,0,Longa e curta,3,CSPQ,2,Público,3,11210440323,,,Centro Profissional Brasil STP //  Água Grande
256,São Tomé e Principe,1,São Tomé,1,Centro  Este,2,Água Grande,1,Centro Profissional Budo -Budo,5,Profissional,4,Escola Normal,0,Curta,1,Normal (Qd n tem geral nem CSPQ),0,Público,3,11210540103,,,Centro Profissional Budo -Budo //  Água Grande
257,São Tomé e Principe,1,São Tomé,1,Centro  Este,2,Água Grande,1,Escola Profissional de Água Grande-EPAG,6,Profissional,4,Escola Normal,0,Longa,2,CSPQ,2,Público,3,11210640223,,,Escola Profissional de Água Grande-EPAG //  Água Grande
258,São Tomé e Principe,1,São Tomé,1,Centro  Este,2,Água Grande,1,Associação de Jovens na Luta para o Futuro-AJOLF,7,Profissional,4,Escola Normal,0,Curta,1,Normal (Qd n tem geral nem CSPQ),0,Privado,1,11210740101,,,Associação de Jovens na Luta para o Futuro-AJOLF //  Água Grande
259,São Tomé e Principe,1,São Tomé,1,Centro  Este,2,Água Grande,1,Os Dois Golfinhos,8,Profissional,4,Escola Normal,0,Curta,1,Normal (Qd n tem geral nem CSPQ),0,Privado,1,11210840101,,,Os Dois Golfinhos //  Água Grande
260,São Tomé e Principe,1,São Tomé,1,Centro  Este,2,Água Grande,1,Instituto Profissional de Gestão e Negócio -FORVAT -GROP,9,Profissional,4,Escola Normal,0,Longa e curta,3,Normal (Qd n tem geral nem CSPQ),0,Privado,1,11210940301,,,Instituto Profissional de Gestão e Negócio -FORVAT -GROP //  Água Grande
261,São Tomé e Principe,1,São Tomé,1,Centro  Este,2,Água Grande,1,Centro Social de Formação Profissional de STP,10,Profissional,4,Escola Normal,0,Curta,1,Normal (Qd n tem geral nem CSPQ),0,Privado,1,11211040101,,,Centro Social de Formação Profissional de STP //  Água Grande
262,São Tomé e Principe,1,São Tomé,1,Centro  Este,2,Água Grande,1,Instituição Particular de Solidariedade Social Portuguesa-IPSS,11,Profissional,4,Escola Normal,0,Curta,1,Normal (Qd n tem geral nem CSPQ),0,Privado,1,11211140101,,,Instituição Particular de Solidariedade Social Portuguesa-IPSS //  Água Grande
263,São Tomé e Principe,1,São Tomé,1,Centro  Este,2,Água Grande,1,Centro Worldlink Solutions,12,Profissional,4,Escola Normal,0,Curta,1,Normal (Qd n tem geral nem CSPQ),0,Privado,1,11211240101,,,Centro Worldlink Solutions //  Água Grande
264,São Tomé e Principe,1,São Tomé,1,Centro  Este,2,Água Grande,1,Centro de Formação Profissional Sagrada Esperança Limitada,13,Profissional,4,Escola Normal,0,Curta,1,Normal (Qd n tem geral nem CSPQ),0,Privado,1,11211340101,,,Centro de Formação Profissional Sagrada Esperança Limitada //  Água Grande
265,São Tomé e Principe,1,São Tomé,1,Centro  Este,2,Água Grande,1,Info@lte-Informatica e Designer limitada,14,Profissional,4,Escola Normal,0,Curta,1,Normal (Qd n tem geral nem CSPQ),0,Privado,1,11211440101,,,Info@lte-Informatica e Designer limitada //  Água Grande
266,São Tomé e Principe,1,São Tomé,1,Centro  Este,2,Água Grande,1,Centro de Ensino As De PIC,15,Profissional,4,Escola Normal,0,Curta,1,Normal (Qd n tem geral nem CSPQ),0,Privado,1,11211540101,,,Centro de Ensino As De PIC //  Água Grande
267,São Tomé e Principe,1,São Tomé,1,Centro  Este,2,Água Grande,1,Escola Profissional e Profissionalizante de STP(EPPAR),16,Profissional,4,Escola Normal,0,Curta,1,Normal (Qd n tem geral nem CSPQ),0,Privado,1,11211640101,,,Escola Profissional e Profissionalizante de STP(EPPAR) //  Água Grande
268,São Tomé e Principe,1,São Tomé,1,Centro  Este,2,Mé-Zóchi,2,Centro Agrónomo - CATAP,1,Profissional,4,Escola Normal,0,Longa,2,CSPQ,2,Público,3,11220140223,,,Centro Agrónomo - CATAP //  Mé-Zóchi
269,São Tomé e Principe,1,São Tomé,1,Centro  Este,2,Água Grande,1,FCT,1,Superior,5,Escola Normal,0,Longa,2,Normal (Qd n tem geral nem CSPQ),0,Público,3,11210150203,,,FCT //  Água Grande
270,São Tomé e Principe,1,São Tomé,1,Centro  Este,2,Água Grande,1,ISEC,2,Superior,5,Escola Normal,0,Longa,2,Normal (Qd n tem geral nem CSPQ),0,Público,3,11210250203,,,ISEC //  Água Grande
271,São Tomé e Principe,1,São Tomé,1,Centro  Este,2,Água Grande,1,ISCVSM,3,Superior,5,Escola Normal,0,Longa,2,Normal (Qd n tem geral nem CSPQ),0,Público,3,11210350203,,,ISCVSM //  Água Grande
272,São Tomé e Principe,1,São Tomé,1,Centro  Este,2,Água Grande,1,Lusíada,4,Superior,5,Escola Normal,0,Longa,2,Normal (Qd n tem geral nem CSPQ),0,Privado,1,11210450201,,,Lusíada //  Água Grande
273,São Tomé e Principe,1,São Tomé,1,Centro  Este,2,Água Grande,1,Évora,5,Superior,5,Escola Normal,0,Longa,2,Normal (Qd n tem geral nem CSPQ),0,Privado,1,11210550201,,,Évora //  Água Grande
